{
    "& C:/Users/Jose_/AppData/Local/Microsoft/WindowsApps/python3.11.exe \"c:/Users/Jose_/Downloads/JogoLabirinto (1)/main.py\"": 98.93333333333334,
    "finalizou": true,
    "jose": 69.43333333333334,
    "Jose": 263.53333333333336
}